name;clean_accessibilityNote;clean_animalsNote;clean_cyclistsNote;clean_forKidsNote
Bučovice;Značná část expozice je v přízemí (kromě kaple), ovšem vůči terénu náměstí je rozdíl, který je zdolatelný pouze po schodišti. Schodištěm se sestupuje i do zámecké zahrady.;Vstup se zvířaty do venkovního areálu je povolen pouze za předpokladu dodržování čistoty. Vstup do interiéru zámku je zvířatům zakázán. Povolen je pouze např. slepecký pes.;Kolo je možné uzamknout před schodištěm do areálu zámku. Vstup na nádvoří či do zahrady s jízdním kolem je přísně zakázán.;Kavárna Na zámku (na nádvoří) disponuje herním koutkem. Expozice zámku není dětem přímo uzpůsobena.
Mníšek pod Brdy;Zámek přístupný omezeně;neni_dostupne;Stojan na nádvoří;Děti vítány
Březnice;Zámek není bezbariérový, park ano.;Do zámku je vstup se psy a jinými zvířaty zakázán.;Zákaz jízdy na kole v zámeckém areálu.;dětské hřiště v areálu restaurace U statkáře (za zámkem) 
Lemberk;Zámek není bezbariérově přístupný, prohlídka možná s vlastním doprovodem;Vstup do zámku, Bredovské zahrady a Bredovského letohrádku je psům a jiným domácím mazlíčkům zakázán. Psi na vodítku mohou pouze do prostoru nádvoří.;Stojan na kola v průjezdu, jízda v areálu zámku zakázána;Speciální prohlídky pro předem objednané dětské výpravy 
Vizovice;Zámek nemá bezbariérový přístup na prohlídkové trasy A a B. Ostatní prostory jsou přístupné s drobným omezením (např. jeden schod). V areálu se nachází bezbariérové WC.;Do zámku není psům přístup povolen. V zahradě se mohou psi pohybovat pouze na vodítku.;V areálu platí zákaz jízdy na kole. K dispozici je stojan na kola.;V areálu ani jeho blízkosti se nenachází dětské hřiště ani dětský koutek.
Jindřichův Hradec;Zámek je částečně bezbariérový;Povolen přístup na I. nádvoří. Návštěvu zámku s asistenčními psi, prosíme, hlaste v pokladně zámku.;Kola si lze zamknout ke stojanům v I. a II. nádvoří. Kromě vjezdu na I. nádvoří je v celém areálu včetně parku jízda na kole zakázána. ;Přebalovací pult je na toaletách na I. nádvoří
Hořovice;Zámecký park je přístupný bez omezení. Interiéry nejsou bezbariérové.;Do interiérů zámku je vstup se zvířaty zakázán, v zámeckém parku je možné se procházet s pejsky pouze na vodítku.;Stojany na parkování a uzamčení kol jsou u vstupní brány.;Přímo proti zámku v Panské zahradě ve vzdálenosti 50 metrů je dětské hřiště.
Český Krumlov;"Zámecký areál je pro handicapované návštěvníky velmi těžko dostupný, bezbariérové vstupy má pouze zámecká zahrada. Z tohoto důvodu je každoročně realizován tzv. ""Den s handicapen, Den bez bariér"".";Vstup do instalovaných historických interiérů a průchod mezi II. a V. zámeckým nádvořím se živými zvířaty je zakázán. Vstup se živými zvířaty je možný pouze na I. zámecké nádvoří. ;Nehlídané parkování kol je v areálu zámku k dispozici.;V areálu zámku není k dispozici žádná samostatná prohlídková trasa či expozice pro dětské návštěvníky. Rodinám s dětmi proto doporučujeme návštěvu expozice Konírny na V. zámeckém nádvoří.
Květná zahrada Kroměříž;Zahrada je bezbariérová, k dispozici je i haptický model zahrady;Do celého areálu Květné zahrady je vstup se psy i jinými zvířaty zakázán;Do zahrady platí zákaz vjezdu na kole, před zahradou na parkovišti jsou k dispozici stojany na kola;Sociální zázemí zahrady disponuje přebalovacím pultem
Kratochvíle;Zahrada bezbariérová, patrová hlavní budova s točitým schodištěm;Do areálu zámku mohou na vodítku, na prohlídku pouze v tašce nebo v náručí;Před zámkem jsou kolostavy. V areálu je zákaz jízdy na kole a opírání kol o zdi. Zámecký areál je propojen cyklostezkou s městem Netolice.;Přebalovací pult
Hluboká nad Vltavou;WC, pokladny, zimní trasa, kuchyně a polovina soukromých apartmánů přístupná, reprezentační trasu je možné navštívit po předchozí domluvě.;In the castle gardens and park is possible to move dogs only on a leash. It is forbidden to bring any pets with you to the chateau interiors, even if they are in a carrying bag.;Kolostav se nachází u hlavní přístupové cesty poblíž hotelu Štekl. Není hlídaný, kolo je nutné si uzamknout!;Přebalovací pult v předsíni WC na prvním nádvoří.
Jezeří;Vzhledem ke komplikované situaci terénu a výškovým úrovním zámku je bezbariérový přístup komplikovaný;Vstup do celého areálu pouze na vodítku či v tašce;Cyklisté, sesedněte z kola při pohybu v areálu zámku;Dětský koutek na vnitřním nádvoří
Veveří;Všechna nádvoří hradu mají nerovný kamenitý a místy svažitý povrch. Prohlídková trasa je v 1. patře;Psi mohou do areálu hradu na vodítku a s náhubkem, do interiérů zvířata nesmějí;V celém areálu hradu je striktní zákaz jízdy na kole;Přebalovací pult na WC pro invalidy
Telč;Vstupu pouze do zámecké zahrady a parku.;Vstup se psy zakázán.;Cyklisté mají možnost nechat kola ve stojanech na vstupním nádvoří.;Prohlídky pro děti na trase A.
Velhartice;Vstup na horní a spodní nádvoří,  bezbariérové WC na parkovišti a v restauraci na spodním nádvoří;Vstup umožněn kromě prohlídky zámku a Šumavské klenotnice;Stojany na kola před hradem;Venkovní hry, přebalovací pult v restauraci
Bečov nad Teplou;Vstup možný po předchozí dohodě se správou zámku, texty k zapůjčení psané braillovým písmem, dotykový model relikviáře.;Mazlíčci mají vstup povolen pouze ve venkovních prostorách. K dispozici mají misky s čerstvou vodou.;Cyklisté vítáni.;Speciální dětské okruhy, herní prvky, přebalovací pult.
Invalidovna;Vstup je možný na nádvoří.;Do prostorů objektu je umožněn vstup se psem uvázaným na vodítku.;Vstup je možný na nádvoří, objekt nedisponuje stojany pro uschování jízdních kol.;neni_dostupne
Veltrusy;Vstup do zámeckých interiérů je jen částečně bezbariérový. Expozici Aristokracie: začátek konce lze obsloužit schodolezem, Nutno objednat předem. Výstava Laboratorium je bezbarierová.;Psům na vodítku je zámecký areál otevřen s výjimkou čestného dvora, prohlídkových okruhů, výstav a kulturních akcí.;Cyklistika v zámeckém parku je povolena s výjimkou čestného dvora, kde je nutno kolo vést. K dispozici jsou stojany.;Zámek disponuje přebalovacím pultem, který naleznete v prostoru dámských toalet na čestném dvoře zámku.
Valtice;Vstup do zámeckého areálu není pro handicapované omezen. Hlavní prohlídkový okruh je v 1. patře zámecké budovy, výstavy jsou situovány ve 2. patře a není možno zajistit bezbariérový přístup.;Pohyb v areálu pouze na vodítku, přístup zvířat do interiérů zakázán.;"Jízda na kole, segwaji, skútru a dalších vozítkách je zakázána v celém areálu zámku; vedení kola je povoleno v parku, jak vyznačují dopravní značky.";Na hlavních toaletách k dispozici přebalovací pult.
Ploskovice;vstup do objektu s omezením;psi mohou se svým majitelem pouze do parku a na vodítku;pohyb kol v areálu je omezen;přebalovací pult
Litomyšl;Vozíčky s vlastním asistentem je nutné vyvézt plošinou po vých. schodišti (na straně u pokladny) do patra a dále jsou pokoje bezbarié. Doporučujeme aspoň 2 dny předem ohlásit v pokladně.;Zákaz vstupu do arkádového nádvoří a interiérů. Pohyb v zahradě a parku pouze na vodítku.;V parku platí zákaz jízdy na kole z důvodu bezpečnosti ostatních a ochrany povrchu cest.;neni_dostupne
Velké Březno;Vnitřní prostory zámku nejsou bezbariérové. Po předchozí domluvě se správou zámku rádi vyjdeme vstříc a umožníme prohlídku v rámci možností.;Vstup se zvířaty do vnitřních prostor zámku není dovolen.;Máme základní nářadí na opravu kol a monitorovaný stojan.;Toalety nejsou vybaveny přebalovacím pultem.
vila Stiassni v Brně;Vila i zahrada je velmi špatně přístupná. Je zasazena v kopci s množstvím schodišť.;Do zahrady vily Stiassni je vstup povolen pouze na vodítku. Do interiéru je vstup zakázán.;V celém areálu vily Stiassni platí zákaz jízdy na kole.;Nabízíme speciální edukační programy pro děti. V průběhu roku i akce určené dětem - Velikonoce, Halloween apod.
Třeboň;"velké a malé nádvoří, park, konírna, Schwarzenberský sál; s asistencí trasa A";velké nádvoří a park;nehlídaný kolostav na velkém zámeckém nádvoří;"dětské prohlídky zámku pro rodiče s dětmi staršími 4 let, školy a tábory (červenec–srpen, prosinec, jarní svátky + během roku na objednání); klasické prohlídky nevhodné pro děti do 5 let"
Jaroměřice nad Rokytnou;Trasy II a III jsou bezbariérové;Vstup do zámku se psy je přísně zakázán, do parku mohou psi jen na vodítku, se vstupem boční bránou do parku.;Dostatek stojanů je na nádvoří i v parku. Na autobusovém nádraží jsou k dispozici zamykací boxy na kola.;neni_dostupne
Bezděz;Špatná přístupová cesta i terény v nádvoří ;Vstup do hradu je umožněn psům/zvířatům na vodítku. Vstup zvířat do hradní kaple je zakázán.;Cesta není vhodná pro cyklisty a kočárky;Není speciální zázemí pro děti
Rabí;S velkým omezením;Ano, na vodítku;Stojany na náměstí;Bohužel žádné
Landštejn;S pomocí na nádvoří;Ano, ale pouze na vodítku.;Kolostavy a před vstupní bránou a u parkoviště pod hradem.;Na hradě se neprovádí, je tedy vhodný pro návštěvu rodin s dětmi.
Žleby;S omezením – pouze po předchozí domluvě.;Přístup zvířat do interiérů a předzámčí je zakázán. Do parku je povolen vstup se psy na vodítku.;Vstup s koly je do předzámčí zakázán. Odložit si je můžete u stojanu před branou.;Nemáme speciální zázemí pro děti.
Vizmburk;Přístupové lesní cesty jsou náročné na zdolání, nejen z důvodu terénního převýšení, ale i z důvodu přírodního povrchu.;Ano, pod řízenou kontrolou.;"Lesní terén se značným převýšením od obce Havlovice, snažší přístup pro cyklisty je od Červeného Kostelce - od rozcestí ""U devíti křížů"".";Výlet do lesa a pouze v doprovodu.
Slatiňany;přístupné nádvoří a zahrada;vstup se zvířaty není do zahrady i zámku povolen;zákaz jízdy na kole v zámecké zahradě;hřiště v zámecké zahradě, přebalovací pult
Šternberk;Přístup pro vozíčkáře je možný přes hradní park. Za vstupní branou do parku pokračujte vpravo po dlážděné cestě k hradní věži, kde je vstup do hradu. Doprovod zakoupí vstupenky v pokladně.;Možnost vzít na prohlídku malá plemena psů ( do tašky ) za předpokladu, že nebudou rušit ostatní návštěvníky prohlídky. ;Možnost parkování jízních kol v prostorách dolního nádvoří nebo hradního parku, kde jsou k dispozici stojany. Možnost uložení batohů v pokladně hradu po dohodě s pracovníkem správy hradu Šternberk. Napojení na cyklostezky 6009, 6106. ;Děti jsou na hradě Šternberk vítány. V průběhu roku připravujeme množství akcí zaměřených na nejmladší návštěvníky. Nechybí divadelní představení, filmové projekce, tvořivé dílničky, speciální programy pro školní výlety, dětský den a mnoho dalších.
Náměšť nad Oslavou;Přístup pouze na první nádvoří a do parku;Přístup pouze na první nádvoří a do parku, na vodítku;Stojan u pokladny zámku ;neni_dostupne
Vranov nad Dyjí;Prohlídky zámeckých okruhů s omezením. WC se nachází v domku u vstupní brány.;Psi mohou do areálu zámku pouze na vodítku. Vstup zvířatům na prohlídku je zcela zakázán.;Stojany na kola se nachází na přístupovém mostě za branou do zámku. Vjezd jízdních kol do nádvoří je zakázán.;Přebalovací pult pro matky s malými dětmi je na WC u brány.
Manětín;Prohlídkový okruh v 1. patře.;Zvířata do interiérů nesmějí ani v přenosných kabelách.;Garáž pro kola na nádvoří.;Zahrada a park jako vhodné místo k relaxaci.
Kunětická hora;Prohlídkový okruh je částečně bezbariérový;Zákaz vstupu na prohlídkové okruhy;Zákaz vjezdu v celém areálu, kolo lze pouze vést. Stojany na kola na nádvoří;Ideální pro děti
Benešov nad Ploučnicí;Prohlídkové trasy nejsou bezbariérové;V zámeckém parku je pohyb se psy možný pouze na vodítku. Do interiérů zámků a na nádvoří je vstup se zvířaty povolen pouze v přepravní tašce.;Stojany na kola na nádvoří;V prostorách pokladny (Horní zámek) je vybudován koutek pro děti.
Zlatá Koruna;Pro vozíčkáře je vhodná II. trasa, doporučujeme domluvit předem.;Na prohlídku psi ani jiná zvířata nesmí, výjimkou jsou pouze slepečtí a asistenční psi.;Kolostavy se nacházejí na hlavním i opatském nádvoří.;Děti jsou v klášteře vítány. Letos pro ně nabízíme bohatý program.
Kunštát;Pro návštěvníky s pohybovým omezením videoprůvodce k zapůjčení na pokladně zámku;V celém areálu pouze na vodítku, do interiéru je vstup zcela zakázán;V celém areálu platí zákaz jízdy na kole, do zahrady je vstup s kolem zcela zakázán. Platí i pro koloběžky.;Přebalovací pult na WC pro návštěvníky
Kladruby;Pro návštěvníky je k dispozici bezbariérová prohlídková trasa. ;Do interiérů je vstup se zvířaty zakázán, v areálu se mohou pohybovat pouze na vodítku.;V areálu platí zákaz jízdy na kole. Stojan na kola je k dispozici na parkovišti před vstupem do areálu.;V nabídce jsou různě dlouhé prohlídkové okruhy a speciální prohlídky.
Velké Losiny;Pro imobilní návštěvníky jsou nádvoří i park zcela bezbariérově přístupné. Zámek bezbariérový není.;Do zámeckého parku vstup se psy pouze na vodítku.  ;V celém zámeckém parku platí zákaz jízdy na kole!;Doporučujeme zvážit, zda děti zvládnou prohlídku vysokého zámku - I. prohlídkový okruh Žerotínové na Losinách (60 minut, témata smrti, zejména smrt dětí a čarodějni
Zákupy;Po domluvě možno přivézt osobu s pohybovým handicapem automobilem až přímo k zámku. Prohlídkové trasy však nejsou bezbariérové.;Ve venkovních prostorách areálu a v parku je pohyb se psy možný pouze na vodítku. Do interiérů lze se psem pouze v případě, že je po celou dobu prohlídky na ruce nebo v tašce.;Pro cyklisty jsou k dispozici stojany na kola před zámkem. V areálu zámku a v parku je možné kolo pouze vodit, není na něm možné jezdit.;V červenci a v srpnu prohlídky s princeznou určené pro návštěvníky s malými dětmi.
Hrubý Rohozec;Po domluvě je možné přijet autem před zámek. Prohlídková trasa se nachází v 1. patře zámku, je nutné zdolat schody.;Nádvoří a park je přístupný pro psy na vodítku. Vstup do interiérů zámku je psům a jiným zvířatům zakázán.;Stojan na kola v zámeckém nádvoří.;Sociální zázemí není vybaveno přebalovacím koutkem. 
kostel sv. Víta v Zahrádce;po asfaltové cestě 400 m;pouze v exteriéru kostela;až ke kostelu po asfaltové cestě;neni_dostupne
Sychrov;park bez omezení, zámek pouze s doprovodem, pro nevidomé možnost zapůjčení haptické knížky o zámku;do zámku a celého areálu (včetně parku) je vstup se psy/zvířaty zakázán;stojany pro kola v prostoru čestného dvora;akce pro děti, prohlídky s princeznou, přebalovací pult (WC)
Milotice;Park a zahrada mají bezbariérový přístup;Do areálu vstup povolen na vodítku a s košíkem. Exkrementy vhazujte POUZE do košů! Do interiérů umožněn vstup pouze v tašce nebo náručí a za předpokladu, že nebude narušován chod prohlídky;Vstup zakázán. Zamčená kola je možné odložit na parkovišti naproti zámku (cena 40,- Kč za celodenní stání).;K dispozici přebalovací pult. Možnost zapůjčení kostýmů pro děti
Mnichovo Hradiště;Památka je pro vozíčkáře v exteriéru přístupná z parkoviště podle šipek a  v interiéru přístupná pouze s doprovodem, který zajistí vynesení a snesení do patra a z patra.;Přístup psů a zvířecích mazlíčků do areálu zámecké zahrady pouze na vodítku. Vstup není povolen do interiérů zámku a při označených kulturních akcích v zámecké zahradě.;Stojany na kola jsou před vstupem do pokladny. Jízda na kole není povolena.;Přebalovací pult není k dispozici. Dětské hřiště je v sousedství areálu zámku.
hospitál Kuks;Objekt je bezbariérový.;Psi smějí do areálu, nikoli do interiérů.;Uvnitř areálu kolo veďte.;neni_dostupne
Konopiště;neni_dostupne;Vstup s jakýmkoli druhem domácích a jiných mazlíčků do expozic je zakázán. Na terasy a do Růžové zahrady je vstup se psy zakázán.;Cyklisté mají k dispozici stojan na uzamykatelném nádvoří určeném personálu.;Pro děti lze objednat dětskou prohlídku, kde s upraveným a zábavným výkladem nejlépe ocení krásu zámku a jeho interiérů.
Opočno;neni_dostupne;Vstup psů/zvířat do zámku je zakázán. Veškeré venkovní prostory areálu jsou pro návštěvníky se psy na vodítku přístupné.;neni_dostupne;neni_dostupne
Janův hrad;neni_dostupne;neni_dostupne;neni_dostupne;neni_dostupne
Gutštejn;neni_dostupne;neni_dostupne;neni_dostupne;neni_dostupne
Přimda;neni_dostupne;Dovoleno v celém areálu.;neni_dostupne;neni_dostupne
Důl Michal v Ostravě;Není bezbariérový přístup. Překážkou jsou schody (dvě patra), prahy nebo úzké vstupy.;Pro velké psy máme k dispozici kotec. Malí mohou v náručí nebo v tašce s pánem.;Pro kola máme stojany hlídané kamerovým systémem.;Děti jsou u nás vítány. Máme pro ně připraven edukační program vhodný pro mateřské školy.
Buchlov;Není bezbariérový přístup.;Zákaz vstupu a pohybu se zvířaty do areálu a na prohlídku.;Parkování jen v určeném prostoru. Vedení a jízda na kole v areálu není povolena.;Přebalovací pult.
Bouzov;Návštěvníci na vozíku se mohou dostat až na II. nádvoří s dopomocí, pro nevidomé návštěvníky je v prostoru maštalí na prvním nádvoří umístěn haptický model hradu. ;"S pejsky je možno navšívit trasu ""Hradním příkopem""";Na I. nádvoří jsou umístěny stojany pro kola;"Pro maminky s dětmi je k dispozici přebalovací pult. Pro děti je také v provozu trasa ""Dětská trasa s ohnivcem"""
Zvíkov;Návštěva části hradu možná s doprovodem, wc pro invalidy ano.;Přístup pouze do areálu na vodítku. Ne na prohlídkovou trasu.;K hradu vede cyklostezka 1149 a 1225, areálem je jízda na kole zakázaná, k dispozici jsou uzamykatelné boxy na kola.;Délku a trvání prohlídky přizpůsobíte potřebám dětí, na prohlídkovou trasu v paláci nelze s kočárkem.
Červené Poříčí;nádvoří a zahrada;vstup do areálu není povolen;neni_dostupne;neni_dostupne
Dačice;Nádvoří a část parku jsou dobře přístupné, zbylou část parku je možné si prohlédnout s dopomocí, stejně tak přízemí expozice (2 schody). K dispozici je bezbariérová toaleta.;Pouze do parku, na vodítku. Asistenční psi mohou svého majitele doprovázet všude. ;Stojany na kola na nádvoří zámku, jízda na kole v areálu není povolena.;neni_dostupne
Litice;NA HRAD NENÍ BEZBARIÉROVÝ PŘÍSTUP. Hrad je obtížně přístupný pro handicapované. Ke hradu vede poměrně strmá kamenitá cesta. Na prohlídkové trase je 113 schodů.;Vstup do areálu hradu i interiérů je možný se psem. Zakázán je volný pohyb psů bez vodítka! Majitel plně odpovídá za svého psa.;Kolo je nutné v areálu hradu vést. Kolo je možné nechat při prohlídce uzamčené na nádvoří.;V areálu hradu není k dispozici přebalovací pult, možno využít lavičku nebo jiný k tomu vhodný prostor.
Pernštejn;Na 1.nádvoří je WC pro paraplegiky. Zbytek areálu strmý s nerovným povrchem, obtížným pro osoby se sníž. pohyblivostí. Parkování viz P. Interiéry barierové.;Na nádvoří je povolen vstup se zvířaty (do velikosti větších psů) pouze na vodítku. Do všech interiérů a hradní zahrady je vstup se zvířaty zcela zakázán, i když jsou na vodítku či nesena. ;Stojany na kola na prvním nádvoří. V celém areálu je zakázána jízda na kole, koloběžkách a pod., za druhou bránu je vstup s koly a pod. zcela zakázán, kola nesmějí být ani vedena či nesena.;Na hradě nejsou prostory pro přebalování ani specializovaná zařízení pro děti (hrací koutek, hřiště). Vzhledem k terénu je nutný stálý dohled nad dětmi.
Krásný Dvůr;Možnost prohlídky jen po předešlé rezervaci, park a nádvoří jsou bezbariérové.;Do zámku je vstup zakázán, v parku a na nádvoří vstup jen na vodítku.;Stojany na kola jsou k dispozici u hlavní brány zámku.;neni_dostupne
Hrádek u Nechanic;Lze využít parkoviště pro návštěvy a zaměstnance zámku vpravo před bránou do nádvoří zámku, které je zdarma.;Na nádvoří, na jižní terasu a do parku je psům/zvířatům na vodítku vstup povolen. Vstup do interiérů je zakázán.;Jízda na kole je v zámeckém areálu zakázána. Kola doporučujeme odložit a uzamknout za vstupní bránou do nádvoří (vlevo). ;Přebalovací pult je k dispozici na toaletách pro handicapované.
Krakovec;Lidé pohybující se pomocí různých berliček a holí jsou schopni s větším či menším úsilím obejít celou prohlídku. Schody jsou sice nestandardní výše, ale není jich moc. Na kolečkovém křesle se dá vjet na nádvoří.;Bezproblémový přístup pro psy, při pohybu uvnitř hradu prosíme o ukázněnost a vodítko;Kolo je potřeba zanechat při vstupu u brány ;Krakovec je vstřícný naší budoucnosti 
kostel sv. Floriána v Krásném Březně;kostel nemá bezbariérový přístup;domácím mazlíčkům vstup zakázán;bez speciálního zázemí;bez speciálního zázemí
Lysice;Jen na mechanickém vozíku a s asistentem, pouze okruhy 1. a 3. Rezervace předem NUTNÁ.;Interiéry pouze v přepravce. Nádvoří na vodítku. Do zahrady zvířata nesmí.;Zákaz jízdy na kole v areálu. Stojany na 1. nádvoří zámku;Přebalovací pult na dámském WC
Lednice;I. okruh + Skleník;V parku na vodítku.;Přísný zákaz v celém areálu.;Přebalovací pult na WC.
Trosky;Hrad nemá bezbariérový přístup. Kočárek lze vytlačit na druhé nádvoří, dále už jsou schody a obtížnější terén.;Vstup do hradu je umožněn se psem na vodítku. Vstup se psem je zakázán na obě hradní vyhlídky a schodiště na ně vedoucí. Poskytujeme možnost umístění psa do uzamykatelného kotce před hradem.;Stojany na kola před hradem a na parkovišti.  Do hradu je vstup s koly zakázán. Na cestě k hradu platí zákaz vjezdu. ;Pro děti jsou na hradě k zakoupení hravé pracovní listy pro předškoláky i školáky. 
Žebrák;Hrad je obtížně přístupný pro lidi se sníženou pohyblivostí;Psi povoleni;Náročný výstup s kolem;Dětské hřiště v obci
Sázava;exteriéry přístupné, počítejte s různými povrchy terénu. V interiérech 2–3 schůdky, s drobnou pomocí překonáte bez problémů. WC na nádvoří nejsou bezbariérová.;psi na vodítku a pod dohledem majitelů mohou na nádvoří a do zahrady;cyklisté mohou po nádvoří a zahradě kola vodit nebo si je uzamknout na stojanu pro kola na nádvoří ;děti pod dohledem zodpovědných rodičů vítány
Selský dvůr U Matoušů v Plzni-Bolevci;Dvůr a zahrada bez omezení, objekty s vysokými prahy a schody;Na vodítku na dvoře a v zahradě;V areálu jsou k dispozici kryté cyklostojany.;neni_dostupne
Ratibořice;Detailnější informace otevřením této rubriky.;Ve všech venkovních prostorách areálu se psi smí pohybovat pouze na vodítku.;Pro cyklisty jsou k dispozici v areálu stojany na kola. V zámeckém parku je jízda na kole zakázána.;Nedaleko parkoviště před zámkem je dětský koutek (houpačka, prolézačka, bradla a podobně...).
Točník;částečně přístupné, po dohodě možno zajet autem až k hradu;psi na vodítku mají vstup povolen (s výjimkou kaple);na kole hrad přístupný;cestou na hrad výběh se zvířaty, na hradě medvědí výběh a naučná stezka a malé pískoviště
Hamousův statek ve Zbečně;Částečně;Vstup není povolen;Na trase Křivoklátských okruhů;Oplocené travnaté plochy v areálu statku
Bítov ;částečná přístupnost, obě nádvoří, prodejna upomínkových předmětů, restaurace, výstavní sály;v celém areálu pouze na vodítku, do hradní zahrady se zvířaty psi nesmí, jsou zde volně se pohybující zvířata.;Jízda areálem zakázána, stojany k uzamčení na II. nádvoří vedle restaurace.;přebalovací pult na dámském WC, doporučujeme prohlídku hradní zahrady se zvířátky v obnovené ZOO barona Jiřího Haase
Hradec nad Moravicí;část prohlídkového okruhu v přízemí je bezbariérová;psi pouze na vodítku;v zámeckém areálu není povolena jízda na kole;nemáme přebalovací pult
Házmburk;Cesta k hradu vede po strmé kamenité cestě.;Mazlíčci jsou na hradě vítáni  na vodítku.;Cyklisté jsou u nás vítáni, pokud jezdí po vyznačených cestách a kola staví pouze do stojanů.;Zázemí na hradě pro děti není. Děti do 15 let smějí na hrad pouze v doprovodu rodičů.
Kozel;Celý areál zámku je bezbariérový. ;Psům je povolen vstup do areálu pouze na vodítku. Na prohlídkové okruhy je psům vstup zakázán.;V celém areálu zámku platí zákaz jízdy na kole. Stojan na kola je na vnitřním parkovišti, u cukrárny Café Kozel a u budovy Jízdárny.;Přebalovací pult na veřejných toaletách
Plasy;Bohužel, nejsme plně bezbariéroví ...;Zvířata do interiérů nemohou, ale areál kláštera je pro ně volně přístupný ...;Kolo na prohlídku neberte, nechte ho na parkovišti před pokladnou ...;Máme různě dlouhé prohlídkové okruhy, můžete hledat plyšové hady ...
Jánský Vrch;"Bezbariérový vstup na nádvoří, do pokladny a kavárny; bezbariérové WC.";Vstup se psy  na prohlídkové okruhy v zámku není možný. Vstup na nádvoří a do parku je možný, pes musí být po celou dobu na vodítku.;Cyklisté mohou kola odkládat a uzamykat ke stojanům na nádvoří zámku.;Přebalovací pult na veřejných wc pro ženy.
Duchcov;Bezbariérový vstup je možný na nádvoří a do expozic v přízemí zámku. Prohlídková trasa se nachází v 1. patře zámku, je nutné zdolat schody.;Do areálu mohou pouze psi na vodítku, pod dohledem majitele.;Stojany na kola jsou k dispozici v zámeckém nádvoří.;Sociální zázemí je vybaveno přebalovacím pultem. 
Nebílovy;Bezbariérový přístup pro handicapované návštěvníky je možný pouze na nádvoří zámku. S menší překážkou (kterou vám rádi pomůžeme zdolat) je také možné navštívit zámeckou galerii a kapli sv. Antonína.;Vstup se psy pod dozorem a na vodítku je možný pouze na nádvoří zámku.;Stojan na kola najdete v průjezdu hlavního vchodu do zámku. Zde si můžete kola na dobu prohlídky bezpečně uzamknout.;V areálu zámku není návštěvníkům s malými dětmi k dispozici dětský koutek ani přebalovací pult.
Frýdlant;Bezbariérový přístup není.;Volný pohyb psů a jiných zvířat v areálu není dovolen, jejich přístup do interiérů památkového objektu je zakázán.;Úschova kol není zajištěna.;Zázemí není k dispozici. Prohlídka 1., 2. a 3. okruhu je doporučována pro děti od 6 let.
Rájec nad Svitavou;Bezbariérový přístup na základní okruh I. Reprezentační prostory na mechanickém invalidním vozíku s asistentem;Zvířectvu je vstup do veškerých interiérů zakázán, to platí i pro psy v kabelkách. V celém areálu zámku se psi mohou pohybovat pouze na vodítku. ;V celém areálu platí přísný zákaz jízdy na kole. Cyklisté mohou k odložení a uzamčení kol využít stojany na nádvoří zámku.;Vstup do zámku v doprovodu dospělé osoby. K dispozici přebalovací pult.
Stekník;Bezbariérový přístup na pokladnu s přidáním nájezdu (jeden schod) + bezbariérové WC, do zámecké kaple, výstavního prostoru v přízemí a na horní terasu zámecké zahrady s nádvořím.;Psi na vodítku a pod dohledem na nádvoří a v zámeckých zahradách.     ;Zámek se nachází na cyklostezce č. 6, ve vjezdu do areálu jsou stojany na kola pod dohledem kamerového systému, možnost občerstvení (studené nápoje).;neni_dostupne
Rožmberk;bezbariérový přístup na nádvoří;v areálu hradu pes pouze na vodítku, do interiéru vstup se psy zakázán;stojan na kola na nádvoří ;přebalovací pult 
Uherčice;Bezbarierový přístup je pouze na nádvoří;Do parku je povolen vstup se zvířaty pouze na vodítku. Do zámku je vstup se zvířaty zakázán.;Cyklisté mohou odkládat a uzamykat kola ke stojanům.;neni_dostupne
Náchod;Bezbariérový přístup je pouze na III. - V. nádvoří. Ostatní prostory (včetně interiérů a zahrady) jsou přístupné pouze po schodech.;Vstup psů/zvířat na vodítku do parku je povolen, do interiérů je vstup se zvířaty zakázán.;Na III. a IV. nádvoří jsou k dispozici stojany na kola. Jízda na kole v areálu zámku a v parku je zakázána!;Pro nejmenší návštěvníky zámku máme k dispozici speciální prohlídky pro děti. Malé i velké určitě zaujme zámecký medvěd Ludvík.
kostel Nanebevzetí Panny Marie v Mostě;Bezbariérový přístup je pouze do lodi kostela, avšak k dispozici je bezbariérové WC.;Zákaz vstupu se zvířaty.;Cyklistické trasy vedou také okolím kostela.;V blízkém okolí kostela je nové a bezpečné dětské hřiště.
Nový Hrádek u Lukova;Bezbariérový přístup je možný pouze na velké nádvoří mezi oběma hrady. ;Psi pouze na vodítku v doprovodu majitelů. ;Stojan na kola je u hlavní brány, hlídací služba není zajišťována.;Zvláštní zázemí pro děti (přebalovací pult, dětský koutek) není k dispozici.
Křivoklát;Bezbariérový přístup je možný bohužel pouze na I. nádvoří, doporučujeme asistenci další osoby.;Na nádvoří je vstup povolen se psy na vodítku. Vstup se zvířaty na jakýkoliv prohlídkový okruh je zakázán. ;Pro zaparkování jízdních kol jsou k dispozici stojany. Na nádvoří je vstup návštěvníka jedoucího na kole zakázán.;Na dámských toaletách na I. nádvoří je k dispozici přebalovací pult. 
Buchlovice;Bezbariérový přístup je do zámku i do parku.;Vstup psů a jiných zvířat je do areálu a do interiérů památkového objektu zakázán. Zákaz se vztahuje i na pejsky a jiná zvířata v taškách, batozích i v kočárcích pro zvířata.;Vstup s kolem a koloběžkou do areálu je zakázán. Lze uschovat v infocentru nebo  před infocentrem ve stojanech.;K dispozici je přebalovací pult.
Zahrady pod Pražským hradem;Bezbariérový přístup do zahrad není. Zahrady jsou propojeny mnoha schodišti. Upozorňujeme, že pohyb v celém areálu vyžaduje fyzickou zdatnost.;Z důvodů ochrany historického objektu a vegetace není vstup domácím mazlíčkům (zejména psům) umožněn.;Cyklistům není přístup do zahrad umožněn, a to z terénních důvodů.;V zahradách není k dispozici přebalovací pult.
Kynžvart;Bezbariérový přístup;V parku ano, na nádvoří zámku ne.;Stojany na kola u západní brány zámku;Dětský koutek, přebalovací pult
Valeč;Bezbariérový je pouze vstup do zámeckého parku. Bezbariérové zázemí nabízí společenský sál ve správní budově zámku.;"Do zámku je vstup se psem zakázán; do parku smějí psi pouze na vodítku.";Stojany na kola před IC Prádelna.;neni_dostupne
Vimperk;Bezbariérové WC se nachází na II. nádvoří.;Psi mohou do areálu na vodítku a s náhubkem. Nelze s nimi však vstupovat do interiérů.;Cyklisté nemohou s koly jezdit v areálu zámku, mohou je však vést.;Návštěvníkům s menšími dětmi doporučujeme návštěvu Muzea Vimperska.
Lipnice;Bezbariérově přístupné je nádvoří a pokladna s malým hradním muzeem, další části hradu pouze s asistencí.;Zákaz vstupu se psy!;Kolo je možné uzamknout na nádvoří hradu;Volná prohlídka vhodná pro rodiny s dětmi
Horšovský Týn;Bezbariérové nádvoří a parkán. Prohlídkové trasy v patře.;Pouze na vodítku. Do interiéru vstup pouze v tašce.;Stojan před bránou na náměstí.;V areálu zámku není k dispozici žádné zázemí pro děti.
Raduň;"Bezbariérově je upraveno přízemí návštěvního centra v sýpce a zahrady u oranžérie; pro vstup do oranžérie je možno si vyžádat nájezdovou rampu. ";"Do zámeckých interiérů a sýpky je možno vzít pouze malého psa v uzavíratelné tašce; do oranžérie a zahrady je vstup psům zakázán. ";Cyklistům jsou k dispozici neuzamykatelné kovové stojany u zámku, sýpky i oranžérie. ;Všichni průvodci jsou připraveni uzpůsobit výklad různým kategoriím návštěvníků, zejména pak dětem všech věkových skupin.  
Červená Lhota;Bezbariérově je přístupné pouze nádvoří zámku. (dle momentální stavební situace);Do zámeckých interiérů je vstup se zvířaty zakázán, včetně zvířat v přepravních boxech a taškách.;Kola si lze zamknout na prostranství před zámkem, celosezónní úschovna zavazadel.;Dětské programy, přebalovací pult.
Karlštejn;Bezbariérové je pouze hlavní nádvoří.;Vstup se zvířaty je do areálu hradu striktně zakázán s výjimkou asistenčního psa.;Stojany na kolo před II. hradní bránou.;Přebalovací pult v poslední kabince dámských toalet. Jiné zázemí pro děti na Karlštejně bohužel není.
Libochovice;Bez problémů se dostanete na nádvoří a pamětní síně J. E. Purkyně. Další interiéry jsou pro vozíčkáře přístupné pouze s doprovodem, více na tel.: 416 591 443.;Nechte mazlíčky doma. Do celého areálu zámku není povolen vstup se zvířaty. V parku a zahradě je možné nosit malá plemena v přenosných koších či taškách.;V celém areálu zámku, prosíme, nejezděte na kole, ohrožujete ostatní návštěvníky. Kolo je možné pouze vést nebo odložit do stojanů umístěných v arkádách před vstupem do parku.;Během prázdninových měsíců jsou pro děti připraveny speciální zkrácené prohlídky. Na dámských toaletách je k dispozici přebalovací pult.
Švihov;Bez pomoci je dostupné nádvoří hradu, s pomocí výstavní sál, pokladna a sál ve špýcharu. Bezbariérové toalety nemáme.;Psy a jiná zvířata neprovádíme. Vstup pouze na nádvoří na vodítku nebo ve schránce.;Cyklisté vítáni! Po nádvoří však není jízda povolena. Možnost úschovy v uzamykatelném prostoru na požádání.;Rodinné prohlídky ve vyhlášených termínech nebo po objednání. Na toaletách je k dispozici přebalovací pult.
Nové Hrady;Areál přístupný bezbariérově, na prohlídkových trasách nutná asistence kvůli schodům.;Do areálu vstup povolen.     ;Povolený vstup do areálu, kolostavy na nádvoří.;K dispozici přebalovací pult.
Grabštejn;Areál parku a nádvoří přístupné, přízemí expozice přístupné po předešlé rezervaci ;"V areálu parku, na nádvoří a v zahradě pohyb pouze na vodítku; do interiérů (na prohlídku) je vstup se zvířaty zakázán.";"Stojany na kola v průjezdu a před hradem; zákaz opírání kol o omítku.";Dětské prohlídky pro rodiny s dětmi i prohlídky pro školní a zájmové skupiny. 
